{"label": ["Percentage_Number", "Time_Label", "Colour", "Icon", "Shading_Scale", "Rain_Chance", "Amount_Missing", "Confused", "Visuals", "Want_Radar"], "mat": [[227.0, 43.83333333333334, 67.66666666666669, 73.91666666666667, 42.5, 25.583333333333332, 21.33333333333333, 3.6666666666666665, 3.6666666666666665, 0.8333333333333333], [43.83333333333334, 51.0, 14.000000000000002, 54.83333333333336, 23.916666666666664, 102.08333333333333, 62.58333333333334, 28.25, 5.833333333333333, 1.6666666666666665], [67.66666666666669, 14.000000000000002, 131.0, 24.08333333333333, 72.41666666666667, 7.833333333333333, 16.666666666666668, 2.833333333333333, 6.499999999999999, 0.0], [73.91666666666667, 54.83333333333336, 24.08333333333333, 39.0, 22.166666666666668, 25.749999999999993, 42.33333333333333, 17.416666666666668, 11.5, 1.0], [42.5, 23.916666666666664, 72.41666666666667, 22.166666666666668, 84.0, 12.416666666666666, 18.583333333333332, 6.416666666666666, 7.583333333333333, 0.0], [25.583333333333332, 102.08333333333333, 7.833333333333333, 25.749999999999993, 12.416666666666666, 43.0, 50.58333333333334, 14.083333333333336, 0.0, 0.6666666666666666], [21.33333333333333, 62.58333333333334, 16.666666666666668, 42.33333333333333, 18.583333333333332, 50.58333333333334, 28.0, 17.250000000000004, 3.166666666666667, 1.4999999999999998], [3.6666666666666665, 28.25, 2.833333333333333, 17.416666666666668, 6.416666666666666, 14.083333333333336, 17.250000000000004, 9.0, 0.75, 0.3333333333333333], [3.6666666666666665, 5.833333333333333, 6.499999999999999, 11.5, 7.583333333333333, 0.0, 3.166666666666667, 0.75, 1.0, 0.0], [0.8333333333333333, 1.6666666666666665, 0.0, 1.0, 0.0, 0.6666666666666666, 1.4999999999999998, 0.3333333333333333, 0.0, 1.0]], "count": {"Colour": 343, "Shading_Scale": 290, "Icon": 312, "Rain_Chance": 282, "Percentage_Number": 510, "Amount_Missing": 262, "Time_Label": 388, "Visuals": 40, "Confused": 100, "Want_Radar": 7}}